term,nes,fdr
CD8_MEMORY_LIKE_UP,1.6790125168564454,
T_NK_INFLAMMATORY,-1.2694627435918553,
CD8_CYTOTOXIC_UP,-1.3615450321626914,
